SMAPE_mean,MAE_mean,RMSE_mean
180.41043257033212,3.9134073027531314e+231,inf
