SMAPE_mean,MAE_mean,RMSE_mean
2.0977148214151944,63.67282227062554,72.76675763752331
