SMAPE_mean,MAE_mean,RMSE_mean
3.729115613759599,138.15104980764625,162.3556950460869
