SMAPE_mean,MAE_mean,RMSE_mean
2.587889997886935,171.20345407571057,201.0151807063316
